"","Pixel_Lat","Pixel_Long","Biom_mean"
"1",-17.5845165252686,145.648361206055,0.495256992
"2",-17.3448715209961,145.887344360352,1.052651391
"3",-17.3419761657715,145.405807495117,0.9814790373
"4",-17.1122608184814,145.853790283203,0.5467265259
"5",-17.0994338989258,-64.8808288574219,0.5770019871
"6",-17.0988731384277,145.649017333984,0.45342754745
"7",-16.619457244873,145.400100708008,0.5703617975
"8",-16.6143493652344,-64.6382904052734,0.2811573001
"9",-16.3718070983887,145.163269042969,1.0826357279
"10",-16.1292533874512,145.163269042969,0.412420051
"11",-15.6441516876221,-62.6979217529297,0.4111796456
"12",-15.4016094207764,-61.2426414489746,0.4682371832
"13",-14.9165258407593,-52.2684669494629,0.6621689215
"14",-14.6739835739136,-60.7575569152832,0.409725648475
"15",-14.6739835739136,-52.2684669494629,0.278862602
"16",-14.4314422607422,-61.4851837158203,0.54077632895
"17",-14.4314422607422,-61.2426414489746,0.181
"18",-14.4314422607422,-60.7575569152832,0.61645615045
"19",-14.4311037063599,-60.999568939209,0.3127132304
"20",-13.7037887573242,143.222900390625,0.3267764737
"21",-12.7336177825928,-69.9742736816406,0.5221101067
"22",-12.7336177825928,-69.2466430664062,0.451978515828571
"23",-12.4910764694214,-69.0040893554688,0.496552594825
"24",-12.00599193573,-71.4295501708984,0.480918203885714
"25",-12.00599193573,-71.1869812011719,0.5757227021
"26",-11.7634506225586,-71.4295501708984,0.4890099803
"27",-11.0357942581177,-65.6084594726562,0.319187056
"28",-10.793251991272,-68.7615356445312,0.4499164303
"29",-10.5507106781006,-68.2764511108398,0.4083178306
"30",-10.3081684112549,-75.3102569580078,0.56337956514
"31",-10.3081684112549,-65.6084594726562,0.5206440282
"32",-10.0656261444092,-67.5488204956055,1.052542398
"33",-10.0656261444092,-65.8509979248047,0.31612533175
"34",-10.0656261444092,-65.6084594726562,0.3281416655
"35",-9.82308483123779,-67.5488204956055,0.9672564106
"36",-9.82308483123779,-65.8509979248047,0.2015262633
"37",-9.82308483123779,-65.6084594726562,0.2624449711
"38",-9.58054256439209,-55.9066581726074,0.2291835976
"39",-9.09543037414551,-72.1571807861328,0.6421133566
"40",-8.85288619995117,-72.8848037719727,0.327564026
"41",-8.61034488677979,-72.8848037719727,0.6308343168
"42",-8.61034488677979,36.0179481506348,0.6804758205
"43",-7.88271903991699,36.9881439208984,0.3655466449
"44",-7.64017677307129,36.9881439208984,0.2729918009
"45",-5.69981098175049,-49.6004753112793,0.1710423101
"46",-5.69981098175049,-49.1153945922852,0.4240150394
"47",-5.69981098175049,-48.8728523254395,0.40997975395
"48",-5.2147274017334,38.6859397888184,0.2196486907
"49",-4.9721851348877,-73.6124420166016,0.48782153015
"50",-4.9721851348877,-73.3698883056641,0.20890419
"51",-4.00259590148926,-73.3706436157227,0.58931598998
"52",-4.00191593170166,-69.9741363525391,0.231458079325
"53",-3.7595067024231,-73.3700180053711,0.3274107766
"54",-3.7592408657074,-70.2166748046875,0.76118497825
"55",-3.51789951324463,-72.8856811523438,0.36572525
"56",-3.5172963142395,-72.1563415527344,0.6553806976
"57",-3.2743616104126,-54.9364585876465,0.215124484933333
"58",-3.27430081367493,-72.8846588134766,0.49638480644
"59",-3.03181958198547,-69.9742736816406,0.7338955956
"60",-3.02046537399292,-60.0205574035645,0.4170713085
"61",-3.01808881759644,-59.7910232543945,0.6631860784
"62",-2.5467357635498,-60.2724723815918,0.4544702944
"63",-2.5467357635498,-60.0299301147461,0.4831810478
"64",-2.30417919158936,-60.0299301147461,0.351857348325
"65",-2.30417919158936,-59.7873687744141,0.416587296545455
"66",-1.83331406116486,-51.2813491821289,0.420494983525
"67",-1.81907963752747,-47.1750259399414,0.3204918974
"68",-1.81907963752747,13.2187023162842,0.530639959
"69",-1.81907963752747,20.4950504302979,0.326189384475
"70",-1.81907963752747,20.7376117706299,0.31523002875
"71",-1.81454694271088,-51.5468139648438,0.42949202152
"72",-1.57770419120789,-56.3932647705078,0.3379803157
"73",-1.3339958190918,-47.1750259399414,0.504754334766667
"74",-1.3339958190918,11.0357942581177,1.026079478
"75",-1.3339958190918,13.7037887573242,0.38116309835
"76",-1.33288860321045,-56.3893051147461,0.8784620559
"77",-1.09145390987396,-77.4931640625,0.63994548685
"78",-1.09145390987396,-47.6601104736328,0.6020546678
"79",-1.09145390987396,11.2783365249634,0.4215101253
"80",-1.09145390987396,116.542930603027,0.682469390666667
"81",-1.08889544010162,116.786560058594,0.9224061453
"82",-0.848911881446838,-52.2684669494629,0.4529662228
"83",-0.848911881446838,116.542930603027,0.616943593225
"84",-0.606369972229004,-77.4931640625,0.4900717144
"85",-0.606369972229004,-76.5229949951172,0.6773809013
"86",-0.606369972229004,-76.2804565429688,0.6111093027
"87",-0.606369972229004,-76.0379104614258,0.4689082978
"88",-0.363828003406525,11.5208950042725,0.5770338945
"89",-0.121286064386368,11.5208950042725,0.4349746945
"90",-0.121286064386368,12.2485342025757,0.4078283179
"91",-0.121286064386368,13.2187023162842,0.4843101904
"92",-0.121286064386368,114.117477416992,0.569453028985714
"93",-0.121286064386368,115.330215454102,0.4636810633
"94",0.363828003406525,10.3081684112549,0.5806226475
"95",0.363828003406525,11.0357942581177,0.3872328171
"96",0.363828003406525,11.2783365249634,0.4637025115
"97",0.363828003406525,12.2485342025757,0.45561673595
"98",0.363828003406525,12.7336177825928,0.5090374658
"99",0.363828003406525,13.2187023162842,0.4421986721
"100",0.363923281431198,25.3456497192383,0.57325259798
"101",0.5664142370224,9.38782119750977,0.6744989089
"102",0.606369972229004,10.5507106781006,0.6701676042
"103",0.606369972229004,11.0357942581177,0.519473446
"104",0.606369972229004,11.5208950042725,0.3994792718
"105",0.849478721618652,24.6188297271729,0.32236690502
"106",1.09149169921875,17.8265933990479,1.187718603
"107",1.3339958190918,28.4990558624268,0.383627811975
"108",1.3339958190918,28.7415981292725,0.392335200466667
"109",1.56279242038727,110.466178894043,0.5003184322
"110",1.57653772830963,28.4990558624268,0.30094144925
"111",1.57653772830963,31.6521320343018,0.733627191
"112",1.81907963752747,-67.0637359619141,0.5788721386
"113",1.81907963752747,117.270561218262,0.635959570633333
"114",2.29888463020325,9.86759185791016,0.453500333066667
"115",2.30417919158936,16.3718070983887,0.410218767375
"116",2.30417919158936,16.6143493652344,0.4539361668
"117",2.5467357635498,14.1888999938965,0.4840609964
"118",2.5467357635498,16.6143493652344,0.430453201
"119",2.5467357635498,113.147308349609,0.76433178508
"120",2.78927755355835,13.2187023162842,0.2330011039
"121",2.78927755355835,16.6143493652344,0.7556746333
"122",3.03181958198547,13.7037887573242,0.428205093725
"123",3.2743616104126,12.4910764694214,0.3894639685
"124",3.2743616104126,12.7336177825928,0.375004132771429
"125",3.2743616104126,12.9761600494385,0.2674095968
"126",4.00198745727539,-52.7535514831543,0.5810277609
"127",4.00198745727539,114.845108032227,0.691873177466667
"128",4.24452924728394,114.117477416992,0.85288772685
"129",4.4870719909668,-58.8171920776367,0.7152573458
"130",4.4870719909668,-58.574649810791,0.33195991115
"131",4.4870719909668,115.330215454102,0.6738089334
"132",4.70425415039062,114.623664855957,0.4096308975
"133",4.72964334487915,-58.574649810791,1.238085511
"134",4.80618047714233,-2.05531644821167,0.4337237256
"135",4.9721851348877,-58.574649810791,0.3870462038
"136",4.9721851348877,-2.06162166595459,0.4680130206
"137",4.9721851348877,8.85288619995117,0.435715297527273
"138",4.9721851348877,117.755668640137,0.411923818
"139",5.19356107711792,-52.7743949890137,0.53900194182
"140",5.2147274017334,-58.574649810791,0.5603820075
"141",5.2147274017334,-2.30417919158936,0.4505872571
"142",5.2147274017334,-1.81907963752747,0.2796177449
"143",5.2147274017334,9.58054256439209,0.3455245923
"144",5.2147274017334,9.82308483123779,0.557179979133333
"145",5.2147274017334,13.4612436294556,0.2857703771
"146",5.21606397628784,-2.78677177429199,0.27152772255
"147",5.45726919174194,-7.64017677307129,0.40855911547
"148",5.45726919174194,-1.81907963752747,0.3662038841
"149",5.45726919174194,9.58054256439209,0.50976649655
"150",5.69981098175049,-2.30417919158936,0.34267808215
"151",5.69981098175049,9.09543037414551,0.81860808395
"152",5.94235324859619,-3.03181958198547,0.398399953375
"153",5.94235324859619,-2.06162166595459,0.4419825859
"154",5.94235324859619,-0.848911881446838,0.3473198705
"155",5.94235324859619,12.9761600494385,0.3111742458
"156",6.18489503860474,-74.5826263427734,0.2978981124
"157",6.18489503860474,-61.4851837158203,0.6516699644
"158",6.18489503860474,-8.12526035308838,0.4651735079
"159",6.18489503860474,-2.06162166595459,0.3120996026
"160",6.18489503860474,-0.848911881446838,0.7341150426
"161",6.18489503860474,9.33800029754639,0.56789702835
"162",6.18489503860474,12.7336177825928,0.5052613895
"163",6.18489503860474,116.785469055176,0.90178028545
"164",6.42743682861328,-2.06162166595459,0.3810799797
"165",6.66997909545898,-2.06162166595459,0.3378077309
"166",6.66997909545898,-1.3339958190918,0.399567022025
"167",6.91253709793091,-2.06162166595459,0.1866755089
"168",7.39763498306274,-70.9444427490234,0.34129603725
"169",7.39763498306274,-11.0357942581177,0.3767743399
"170",7.64017677307129,-10.793251991272,0.913908691433333
"171",8.12526035308838,-61.727725982666,0.5912577001
"172",8.61034488677979,-69.9742736816406,0.22
"173",8.85288619995117,-71.4295501708984,1.174927056
"174",9.08451557159424,-79.9177398681641,0.541771628333333
"175",9.09513187408447,-79.6761779785156,0.433823134333333
"176",9.30697631835938,-79.9077529907227,0.622182161
"177",9.33799362182617,-79.6762466430664,0.537647058
"178",10.3081684112549,-84.0418853759766,0.373774963333333
"179",28.4990558624268,-82.1015167236328,0.060901898326715
"180",34.3201217651367,-91.5607757568359,0.124546954527214
"181",34.8040084838867,-87.9218292236328,0.09544892543534
"182",34.8052368164062,-84.0418853759766,0.1342162002495
"183",34.8052368164062,-83.7993469238281,0.142111811609412
"184",35.047779083252,-86.7098770141602,0.173808774154263
"185",35.047779083252,-83.5568008422852,0.076711001899487
"186",35.047779083252,-83.3142623901367,0.213297367075009
"187",35.047779083252,-82.5866012573242,0.158125658178796
"188",35.2903213500977,-111.692031860352,0.05862944575
"189",35.2903213500977,-83.5568008422852,0.23068055712937
"190",35.2903213500977,-82.3440628051758,0.092840213982931
"191",35.5328636169434,-83.7993469238281,0.115441928934576
"192",35.7754058837891,-83.7993469238281,0.160805695531584
"193",35.7754058837891,-83.3142623901367,0.148985935160688
"194",35.7754058837891,-82.3440628051758,0.262148090587134
"195",35.7754058837891,-76.7655334472656,0.062388436953472
"196",36.0179481506348,-87.1949615478516,0.114678302584994
"197",36.0179481506348,-84.7695083618164,0.155273554333484
"198",36.2601509094238,-87.9201736450195,0.279120818734129
"199",36.260326385498,-82.1015701293945,0.144080219507474
"200",36.2604904174805,-85.2546234130859,0.175661382064869
"201",36.2604904174805,-84.7695083618164,0.100773654618924
"202",36.5030288696289,-118.72583770752,0.476393885920513
"203",36.7455787658691,-91.0756912231445,0.062534726308966
"204",36.9881439208984,-93.0160598754883,0.066274994636461
"205",36.9881439208984,-92.0458755493164,0.076279939769759
"206",36.9881439208984,-91.8033218383789,0.036788593274331
"207",36.9881439208984,-91.0756912231445,0.045150344460864
"208",36.9881439208984,-90.1055221557617,0.152345850739263
"209",36.9881439208984,-81.1313552856445,0.03177621553461
"210",37.2306861877441,-85.9822540283203,0.09919067178921
"211",37.4731788635254,-88.1652984619141,0.049588671999131
"212",37.4732284545898,-89.3778686523438,0.556358914698595
"213",37.4732284545898,-88.6502456665039,0.049998972451303
"214",37.7157707214355,-119.938575744629,0.68384015275
"215",37.7157707214355,-119.453460693359,0.427338792
"216",37.7157707214355,-90.5906066894531,0.057556529533389
"217",37.7157707214355,-89.3778686523438,0.135362013251781
"218",37.7157707214355,-79.1909866333008,0.130523685412808
"219",37.7157707214355,-78.4633636474609,0.218410282647752
"220",37.9583129882812,-91.8033218383789,0.0348716483442
"221",37.9583129882812,-91.5607757568359,0.106318870568004
"222",37.9583129882812,-91.0756912231445,0.084227863857131
"223",37.9583129882812,-90.3480682373047,0.047970034907058
"224",37.9583129882812,-79.1909866333008,0.051113796123789
"225",38.200855255127,-105.628387451172,0.121426305427826
"226",38.200855255127,-93.9862289428711,0.032186468438601
"227",38.200855255127,-91.0756912231445,0.495814905319203
"228",38.200855255127,-86.2247924804688,0.079877761608407
"229",38.200855255127,-79.6760711669922,0.570708737185745
"230",38.4433975219727,-93.0160598754883,0.18282778627009
"231",38.4433975219727,-92.0458755493164,0.06189629023571
"232",38.4433975219727,-91.5607757568359,0.102183147064257
"233",38.4433975219727,-90.5906066894531,0.0916597173269037
"234",38.4433975219727,-79.1909866333008,0.120782081498125
"235",38.4433975219727,-78.2208023071289,0.034598608415414
"236",38.6859397888184,-106.113502502441,0.145389042671693
"237",38.6859397888184,-91.5607757568359,0.0763178935727385
"238",38.6859397888184,-91.3182373046875,0.162979752059638
"239",38.6859397888184,-91.0756912231445,0.079803584394258
"240",38.6859397888184,-90.5906066894531,0.348892065771313
"241",38.6859397888184,-78.9484481811523,0.112394396506147
"242",38.6859397888184,-77.9782485961914,0.245547037124765
"243",38.6860237121582,-111.692085266113,0.196868751154753
"244",38.692497253418,-77.2545852661133,0.10797767247866
"245",38.9284820556641,-104.900764465332,0.030075404337647
"246",38.9284820556641,-91.0756912231445,0.066326859481766
"247",38.9284820556641,-86.2247924804688,0.090490279084091
"248",38.9284820556641,-78.4633636474609,0.098449297895453
"249",38.9287948608398,-106.598648071289,0.061636570070924
"250",39.1710433959961,-106.113502502441,0.036706760409471
"251",39.1710433959961,-86.2247924804688,0.107348089502821
"252",39.1710433959961,-77.4931640625,0.07284487657078
"253",39.4135932922363,-105.870948791504,0.299205069734537
"254",39.4135932922363,-105.628387451172,0.109603621044517
"255",39.6560516357422,-105.87084197998,0.267703424897176
"256",39.8986778259277,-105.870948791504,0.1391508725
"257",39.8986778259277,-77.4931640625,0.120542381136562
"258",39.8986778259277,-75.7953414916992,0.248888626883986
"259",40.1412200927734,-77.4931640625,0.152461522730792
"260",40.1412200927734,-74.340087890625,0.101499431077398
"261",40.3837623596191,-106.598587036133,0.060608848330472
"262",40.3837623596191,-77.4931640625,0.159465658156249
"263",40.3838729858398,-78.2209701538086,0.132077628529769
"264",40.3888244628906,-121.14949798584,0.716246371333333
"265",40.8688468933105,-109.994209289551,0.042513453244433
"266",40.8688468933105,-77.9782485961914,0.110848934347052
"267",41.1113891601562,-77.0080795288086,0.116883820786742
"268",41.1113891601562,-75.3102569580078,0.15435104318963
"269",41.1113891601562,-75.0677108764648,0.180588649589048
"270",41.1113891601562,-74.8251724243164,0.116289920010187
"271",41.1113891601562,-74.340087890625,0.105954165089537
"272",41.3539390563965,-78.9484481811523,0.171428261823836
"273",41.3539390563965,-77.9782485961914,0.05764818906848
"274",41.5963745117188,-73.1272277832031,0.114830013008147
"275",41.5965003967285,-78.4633636474609,0.222423731189316
"276",41.5965003967285,-77.7357025146484,0.18691384633257
"277",41.8389472961426,-78.9484176635742,0.148564583321692
"278",41.8390426635742,-75.3102569580078,0.107949124935466
"279",42.0815849304199,-92.2884292602539,0.164010699621236
"280",42.0815849304199,-71.6720962524414,0.088380654785952
"281",42.0827255249023,-74.0968933105469,0.147640205417857
"282",42.2978820800781,-70.9742202758789,0.149610587126763
"283",42.3241271972656,-74.340087890625,0.191575542890309
"284",42.5666694641113,-73.1273498535156,0.160634643897066
"285",42.5666847229004,-85.982292175293,0.14293336774622
"286",43.0517539978027,-91.3182373046875,0.051239850415585
"287",43.2941741943359,-74.5826644897461,0.201435659112453
"288",43.2942962646484,-96.6542358398438,0.10482404841235
"289",43.2942962646484,-89.8629837036133,0.140636650048665
"290",43.2942962646484,-71.9146347045898,0.129468147754335
"291",43.5335388183594,-91.3208847045898,0.165904018388973
"292",43.5368385314941,-92.2884292602539,0.087956218935217
"293",43.5368385314941,-91.0756912231445,0.304868577456125
"294",43.5368385314941,-74.097541809082,0.0953742650276107
"295",43.5369873046875,-73.6106414794922,0.059450621901013
"296",43.5370635986328,-74.3397521972656,0.150417301389225
"297",43.7789993286133,-74.5821914672852,0.117292251660881
"298",43.7792549133301,-91.3200378417969,0.103274769701442
"299",43.7792739868164,-73.855712890625,0.076484848012604
"300",43.7794036865234,-91.0756912231445,0.067399956466663
"301",43.7794036865234,-90.3480682373047,0.074429583316782
"302",43.7794036865234,-74.097541809082,0.051612405742931
"303",43.7800407409668,-65.6077194213867,0.195990030517006
"304",43.7818031311035,-65.3670043945312,0.171077016190088
"305",44.021858215332,-70.9444580078125,0.195915692922075
"306",44.0219039916992,-74.3400268554688,0.135067401997362
"307",44.0219497680664,-92.0458755493164,0.13476676314608
"308",44.0219497680664,-89.6204147338867,0.064640366351831
"309",44.0219497680664,-74.097541809082,0.152452901777797
"310",44.0219879150391,-74.8253860473633,0.071170981015645
"311",44.2635231018066,-92.047004699707,0.079147211735533
"312",44.2638664245605,-65.3667984008789,0.215607303767481
"313",44.2643814086914,-74.0973434448242,0.105285244422976
"314",44.2644500732422,-69.2466125488281,0.168607370573258
"315",44.2644920349121,-122.364028930664,0.65667825075
"316",44.2644920349121,-122.121482849121,0.442237374940476
"317",44.2644920349121,-91.0756912231445,0.116555826118554
"318",44.2644920349121,-71.9146347045898,0.108786205870166
"319",44.2644920349121,-71.6720962524414,0.053006718035412
"320",44.2651138305664,-121.879425048828,0.3929997126
"321",44.2756576538086,-65.1207809448242,0.222800741719413
"322",44.3015327453613,-68.3008193969727,0.064886615994399
"323",44.5015029907227,-65.8422393798828,0.892580576225337
"324",44.5070343017578,-122.364028930664,1.25161340075
"325",44.5070343017578,-121.636367797852,0.0807829512
"326",44.5070343017578,-103.930595397949,0.045230521616005
"327",44.5070343017578,-72.8848037719727,0.100326109230937
"328",44.5070343017578,-70.9444427490234,0.057682992699235
"329",44.5071067810059,-64.8807144165039,0.183016487142384
"330",44.507152557373,-64.6389694213867,0.288855041967861
"331",44.5073204040527,-65.1231002807617,0.449737175174197
"332",44.7488670349121,-65.3652496337891,0.173562671486392
"333",44.7495231628418,-64.1533203125,0.397281933969538
"334",44.7495765686035,-74.340087890625,0.105185774465483
"335",44.7495765686035,-64.8808288574219,0.238333046617149
"336",44.7495765686035,-64.3957290649414,0.21017259041889
"337",44.7498016357422,-70.4593887329102,0.148012238667584
"338",44.7502479553223,-64.6385269165039,0.474067448607004
"339",44.7532196044922,-63.4270668029785,0.151081878474822
"340",44.7589530944824,-67.3042221069336,0.138201261794319
"341",44.8162269592285,-62.7131309509277,0.226722735332376
"342",44.9919967651367,-68.2765655517578,0.040700074578312
"343",44.9921188354492,-122.121482849121,0.4619486726
"344",44.9921188354492,-88.6502456665039,0.204218490821317
"345",44.9921188354492,-70.2168121337891,0.058915003292223
"346",44.9921188354492,-63.9106330871582,0.138481554959594
"347",44.9921188354492,-63.1830062866211,0.127919042173704
"348",44.9933891296387,-63.6692047119141,0.248709387190122
"349",44.9955177307129,-62.4577255249023,0.156228343841622
"350",45.0249519348145,-62.2192459106445,0.197134213568146
"351",45.1788101196289,-64.6356964111328,0.157609406716496
"352",45.1847076416016,-83.3913879394531,0.046902451007418
"353",45.2003021240234,-63.9017944335938,0.123053220866448
"354",45.2339286804199,-69.2457962036133,0.072605919567523
"355",45.2345085144043,-69.7315063476562,0.110201571993251
"356",45.2346611022949,-84.526969909668,0.133867720087715
"357",45.2346611022949,-84.284423828125,0.047487463404711
"358",45.2346611022949,-69.4891891479492,0.111860357336618
"359",45.2346611022949,-68.7615356445312,0.229332301483749
"360",45.2346954345703,-62.6979751586914,0.176435182801914
"361",45.2347221374512,-90.5903625488281,0.046873546755965
"362",45.2542686462402,-61.4888076782227,0.413941661867741
"363",45.4772033691406,-68.0339050292969,0.086992636823329
"364",45.4772033691406,-62.6979217529297,0.089941332160278
"365",45.477222442627,-92.5310821533203,0.072391655242685
"366",45.4775581359863,-63.4252471923828,0.650342770555949
"367",45.6989669799805,-60.740364074707,0.154495082085386
"368",45.7111511230469,-63.4321098327637,0.206249871852842
"369",45.7196159362793,-63.6680793762207,0.295645687121041
"370",45.7196273803711,-91.075798034668,0.090592115271074
"371",45.7197456359863,-91.3182373046875,0.040129981612253
"372",45.7197456359863,-70.459358215332,0.119503668380027
"373",45.7198371887207,-61.2439651489258,0.27985212117918
"374",45.7200050354004,-68.7562103271484,0.320112169791705
"375",45.7209815979004,-69.0073623657227,0.0510541554176223
"376",45.9333000183105,-63.9316329956055,0.056158777959736
"377",45.9600830078125,-90.1035690307617,0.32403570340819
"378",45.9622955322266,-68.5189895629883,0.140963879068964
"379",45.9623184204102,-61.2428398132324,0.096150032598106
"380",45.9861946105957,-60.7557029724121,0.244550078790838
"381",46.2047080993652,-68.7607879638672,0.06587683365454
"382",46.2048606872559,-122.364028930664,0.66870191975
"383",46.2048606872559,-88.8927841186523,0.309441348222174
"384",46.2048606872559,-87.4375152587891,0.063672506079216
"385",46.2048606872559,-85.0120544433594,0.117203890369342
"386",46.2049789428711,-76.5230484008789,0.076210815878951
"387",46.2049942016602,-61.0002288818359,0.124667619416483
"388",46.2051086425781,-91.5609664916992,0.061611572964334
"389",46.209300994873,-60.5176315307617,0.179257641494735
"390",46.4153709411621,-86.966796875,0.090893281095964
"391",46.4193153381348,-86.7043914794922,0.240803749539258
"392",46.4409217834473,-60.9917602539062,0.140163371807359
"393",46.4467277526855,-73.1276245117188,0.259984852123553
"394",46.4471244812012,-69.7323532104492,0.064468725860884
"395",46.4473648071289,-92.0458602905273,0.061193934915199
"396",46.4474029541016,-89.8629837036133,0.121753684914045
"397",46.4474029541016,-77.7357025146484,0.190969779658772
"398",46.4474029541016,-73.8550033569336,0.131643659169021
"399",46.4474029541016,-70.459358215332,0.146203449680264
"400",46.4474029541016,-68.5189895629883,0.028389446697305
"401",46.4475860595703,-89.1354370117188,0.190383363232036
"402",46.4476013183594,-88.6502075195312,0.06545813353006
"403",46.4526786804199,-93.4969863891602,0.056828950361881
"404",46.6876029968262,-88.4064102172852,0.07327365939589
"405",46.6897926330566,-121.636268615723,0.311258776
"406",46.6899185180664,-60.7575340270996,0.233038844552212
"407",46.68994140625,-121.878921508789,0.28171054775
"408",46.68994140625,-121.393829345703,0.627809638
"409",46.68994140625,-88.1651611328125,0.120081116964334
"410",46.68994140625,-87.9226150512695,0.155314990151022
"411",46.6899566650391,-77.4930419921875,0.082532400684413
"412",46.6899795532227,-76.7654266357422,0.096401293715145
"413",46.6899795532227,-76.5229797363281,0.206698139695382
"414",46.9310646057129,-92.2911224365234,0.105496030561233
"415",46.9310836791992,-68.5193710327148,0.058267336678883
"416",46.9319496154785,-76.522102355957,0.115637333439531
"417",46.932315826416,-78.4622955322266,0.250736567226576
"418",46.9324188232422,-76.280387878418,0.174144345153395
"419",46.9324417114258,-77.4930801391602,0.18268329324691
"420",46.9324836730957,-121.393829345703,0.167842634
"421",46.9324836730957,-93.5011444091797,0.196148729736674
"422",46.9332466125488,-68.7614135742188,0.078461920997419
"423",46.9337959289551,-77.9799270629883,0.219661555191929
"424",46.9396133422852,-121.887222290039,0.8361855675
"425",47.1743049621582,-77.2513198852539,0.262351024025348
"426",47.1744956970215,-78.2199935913086,0.200806728651433
"427",47.1749687194824,-75.3104476928711,0.241276123167541
"428",47.1750221252441,-77.0081939697266,0.229429122830339
"429",47.1750259399414,-95.1989669799805,0.123922428873142
"430",47.1750259399414,-93.9862289428711,0.034156565758598
"431",47.1750259399414,-91.8033218383789,0.0654727835863745
"432",47.1750259399414,-71.4295501708984,0.229468883228168
"433",47.1750259399414,-71.1869812011719,0.281338467124378
"434",47.1750259399414,-69.2466430664062,0.0967960436779005
"435",47.1751899719238,-77.7353591918945,0.084713025578114
"436",47.17529296875,-77.9781723022461,0.259842694166389
"437",47.1753578186035,-76.7651596069336,0.256549655666652
"438",47.1753768920898,-77.4933624267578,0.112078020427601
"439",47.1756935119629,-75.7947082519531,0.136586073535927
"440",47.1757774353027,-75.5532455444336,0.379275740114767
"441",47.1760215759277,-78.4634170532227,0.140510633519518
"442",47.1764068603516,-76.2788467407227,0.127356525633462
"443",47.4144744873047,-87.9424514770508,0.079264723258377
"444",47.4146881103516,-77.2525100708008,0.069246347291646
"445",47.4165725708008,-77.4924926757812,0.152064034259592
"446",47.4167823791504,-74.0957260131836,0.110215830843712
"447",47.4173622131348,-91.8033065795898,0.034372763498561
"448",47.4174118041992,-78.4630813598633,0.218598795737196
"449",47.4175224304199,-75.7953491210938,0.099303334236117
"450",47.4175682067871,-76.2804565429688,0.320173916413763
"451",47.4175682067871,-71.4295501708984,0.110740278951623
"452",47.4175682067871,-70.7018966674805,0.213148566145201
"453",47.4175796508789,-92.0458679199219,0.26905739345858
"454",47.4176292419434,-75.3103256225586,0.364793363524627
"455",47.4176635742188,-95.1985092163086,0.043205069082371
"456",47.4177284240723,-75.5526428222656,0.285253563469431
"457",47.4181632995605,-76.0378265380859,0.139342611294526
"458",47.418384552002,-78.2208862304688,0.287182037946376
"459",47.4237060546875,-76.5234680175781,0.088301893840159
"460",47.6594276428223,-94.7146148681641,0.084928910814088
"461",47.6597290039062,-92.0460815429688,0.039425019984568
"462",47.6599273681641,-91.0755386352539,0.0545709675320305
"463",47.6599502563477,-77.4932174682617,0.151502797886412
"464",47.6601104736328,-91.3182373046875,0.13031967497019
"465",47.6601104736328,-70.7018966674805,0.181454286155395
"466",47.6601753234863,-93.2584762573242,0.042097218438401
"467",47.6604080200195,-71.1868591308594,0.167403041328075
"468",47.6605377197266,-94.9574432373047,0.089612823826839
"469",47.6605529785156,-70.9441528320312,0.216022326338784
"470",47.6608772277832,-77.0085678100586,0.135904062149911
"471",47.6756553649902,-90.8434600830078,0.031359527830784
"472",47.902229309082,-92.0468444824219,0.103442202632827
"473",47.9023666381836,-78.2210159301758,0.181693573705254
"474",47.9024276733398,-90.5901107788086,0.047295361122523
"475",47.9026412963867,-76.7652740478516,0.081678071239598
"476",47.9026527404785,-93.9862289428711,0.146807894130029
"477",47.9026527404785,-93.7436828613281,0.03920689469792
"478",47.9026527404785,-76.0379104614258,0.20877913463849
"479",47.9052276611328,-123.82169342041,0.90597350675
"480",47.9453506469727,-89.8733444213867,0.03364872027618
"481",48.1428642272949,-70.2182846069336,0.339010722531284
"482",48.1441421508789,-91.8033828735352,0.055500238388829
"483",48.1451950073242,-94.2287673950195,0.040116134306912
"484",48.1451950073242,-93.9862289428711,0.02195545649426
"485",48.1451950073242,-93.7436828613281,0.0380380842096285
"486",48.1451950073242,-92.5309753417969,0.035529693868277
"487",48.1479148864746,-93.0170059204102,0.080713139370106
"488",48.151439666748,-95.2030563354492,0.080375391720715
"489",48.1515922546387,-116.555046081543,0.138784611
"490",48.1698188781738,-94.9646606445312,0.045676975901226
"491",48.3859481811523,-92.7746276855469,0.096463309430658
"492",48.3870697021484,-55.9066772460938,0.0958566156238
"493",48.3877601623535,-93.9862289428711,0.0967161769655205
"494",48.3877601623535,-93.5011444091797,0.076740680897535
"495",48.3877601623535,-66.3360824584961,0.302960279247689
"496",48.3880081176758,-55.6642570495605,0.314296618254861
"497",48.6294898986816,-64.3995132446289,0.065479880445789
"498",48.6297187805176,-55.1783714294434,0.162809489733962
"499",48.6301460266113,-70.702262878418,0.08129579739171
"500",48.6301918029785,-55.4216537475586,0.190165514627212
"501",48.6303024291992,-56.1494407653809,0.143228218818319
"502",48.6303100585938,-70.2168121337891,0.188469912718186
"503",48.6303100585938,-69.7317276000977,0.107265129697748
"504",48.6303100585938,-69.4891891479492,0.196645529456744
"505",48.6303100585938,-67.0637359619141,0.16341404140812
"506",48.6303100585938,-66.5786209106445,0.354548648271094
"507",48.6314735412598,-58.3318557739258,0.208841709538802
"508",48.6428031921387,-69.2546539306641,0.375138717380589
"509",48.8709449768066,-54.6956825256348,0.099901088274755
"510",48.8726081848145,-113.874885559082,0.287800019912568
"511",48.8728523254395,-116.057846069336,0.141805440993142
"512",48.8728523254395,-70.9444427490234,0.093148071400154
"513",48.8728523254395,-66.5786209106445,0.204447156233713
"514",48.8728523254395,-65.6084594726562,0.204737837100594
"515",48.8728942871094,-75.0677719116211,0.344306014593838
"516",48.8739585876465,-121.637649536133,0.365611616424491
"517",48.8740577697754,-71.1878509521484,0.081352578913217
"518",49.095947265625,-64.8876113891602,0.360978633140392
"519",49.1136856079102,-55.6630668640137,0.077772277179561
"520",49.1150741577148,-121.636306762695,0.352658337215975
"521",49.1152877807617,-121.878372192383,0.351899721517431
"522",49.1153144836426,-86.2241897583008,0.230296545401013
"523",49.1153945922852,-118.968376159668,0.0949474196007328
"524",49.1153945922852,-118.483291625977,0.158844133241522
"525",49.1153945922852,-116.057846069336,0.190925742843685
"526",49.1156921386719,-121.151321411133,0.294759350972241
"527",49.1219596862793,-57.3695602416992,0.092699618859695
"528",49.1502532958984,-61.7768669128418,0.168418900424052
"529",49.3557319641113,-117.996444702148,0.217405045466587
"530",49.3575325012207,-85.4969635009766,0.441535818149728
"531",49.3579330444336,-121.15128326416,0.191361638341105
"532",49.3579330444336,-120.666198730469,0.348165905329705
"533",49.3579330444336,-120.42366027832,0.157217965916451
"534",49.3579330444336,-118.72583770752,0.333106272794098
"535",49.3579330444336,-117.028015136719,0.228257976479172
"536",49.3579330444336,-116.057846069336,0.144949899882367
"537",49.3579330444336,-115.087669372559,0.086613884243473
"538",49.3579330444336,-114.360023498535,0.316839443556081
"539",49.3579330444336,-114.117477416992,0.407585808315678
"540",49.3579330444336,-95.9265899658203,0.124263988426288
"541",49.3579330444336,-85.9822540283203,0.144192781670776
"542",49.3579330444336,-85.2546234130859,0.191976256077856
"543",49.3579330444336,-72.6422653198242,0.312889106716421
"544",49.3581466674805,-121.636322021484,0.398953541376629
"545",49.3627853393555,-56.8695983886719,0.381427775335879
"546",49.3731689453125,-68.0380325317383,0.315889319332697
"547",49.3828392028809,-67.7943954467773,0.241624600430229
"548",49.3969573974609,-67.5506210327148,0.056928825933631
"549",49.5942001342773,-56.6237373352051,0.105595939358605
"550",49.5986442565918,-86.2263336181641,0.361043701391845
"551",49.6000137329102,-122.849342346191,0.656339526666667
"552",49.6002616882324,-126.001831054688,0.151752837881541
"553",49.6004409790039,-85.9822158813477,0.313413736756726
"554",49.6004753112793,-121.15128326416,0.268641084655814
"555",49.6004753112793,-120.666198730469,0.213818526559769
"556",49.6004753112793,-120.42366027832,0.225990084721731
"557",49.6004753112793,-118.968376159668,0.132343963277112
"558",49.6004753112793,-116.057846069336,0.20244697410652
"559",49.6004753112793,-85.7397079467773,0.245431545579836
"560",49.6004753112793,-85.4971694946289,0.104629578179791
"561",49.6061515808105,-67.3179931640625,0.128987012081924
"562",49.6278305053711,-124.040245056152,0.223859921879034
"563",49.8332710266113,-56.3841514587402,0.075529955186462
"564",49.8396415710449,-57.1168365478516,0.106274750755599
"565",49.8425445556641,-95.4407424926758,0.10031541475674
"566",49.843017578125,-126.244728088379,0.469517710042003
"567",49.843017578125,-126.002182006836,0.32904197421119
"568",49.843017578125,-120.908744812012,0.211023915109082
"569",49.843017578125,-114.117477416992,0.536773457612074
"570",49.843017578125,-113.874938964844,0.135380596715182
"571",49.8433380126953,-117.027893066406,0.348700860697926
"572",50.0839920043945,-117.032073974609,0.21533433551855
"573",50.0855598449707,-120.908744812012,0.235411484682523
"574",50.0855598449707,-118.968376159668,0.439910065924047
"575",50.0855598449707,-114.602561950684,0.304032901497922
"576",50.0855598449707,-114.360023498535,0.255567222738387
"577",50.0857582092285,-121.875648498535,0.27972985008237
"578",50.086727142334,-95.4427795410156,0.148143240981845
"579",50.0868797302246,-117.998207092285,0.216285634221909
"580",50.3242797851562,-118.005783081055,0.152768000712792
"581",50.3255157470703,-125.520477294922,0.419167945280116
"582",50.3270721435547,-125.269996643066,0.382711252392151
"583",50.3274803161621,-117.030494689941,0.327740891455988
"584",50.3281021118164,-118.968376159668,0.195041631040248
"585",50.3281021118164,-116.057846069336,0.117867033359364
"586",50.3281021118164,-114.602561950684,0.236378927141924
"587",50.3491058349609,-63.9082908630371,0.213836124567422
"588",50.3721771240234,-65.36767578125,0.45484985640614
"589",50.5524063110352,-127.216339111328,0.281770186263612
"590",50.5706520080566,-119.938575744629,0.17250030336443
"591",50.5706520080566,-118.968376159668,0.2498728663219
"592",50.5714263916016,-116.058235168457,0.140632319812265
"593",50.5734634399414,-126.487411499023,0.451728983460609
"594",50.574634552002,-126.243766784668,0.410616068913675
"595",50.8094902038574,-118.96076965332,0.20431214733477
"596",50.8130416870117,-60.0300636291504,0.189702730770683
"597",50.8130912780762,-59.544807434082,0.110807633840703
"598",50.8132171630859,-119.938575744629,0.194337360551414
"599",50.8154830932617,-117.034645080566,0.137974845347523
"600",51.0554542541504,-95.92626953125,0.062330788218864
"601",51.0557594299316,-121.878921508789,0.14462308789872
"602",51.0557594299316,-120.908744812012,0.111330518687217
"603",51.0557594299316,-119.938575744629,0.320787279627741
"604",51.0558929443359,-95.4422225952148,0.191128347327935
"605",51.0559730529785,-60.2721252441406,0.268720306043059
"606",51.055980682373,-95.6840896606445,0.106455251549361
"607",51.0569496154785,-117.02677154541,0.123463396522288
"608",51.0573844909668,-118.963562011719,0.292005083106514
"609",51.2982139587402,-121.879035949707,0.207027549705882
"610",51.2983016967773,-120.908744812012,0.143445363962749
"611",51.2983016967773,-119.938575744629,0.171316702540434
"612",51.2985458374023,-114.845336914062,0.368554115213281
"613",51.2989501953125,-56.3904190063477,0.299902681192721
"614",51.540843963623,-119.938575744629,0.223772091191637
"615",51.540843963623,-115.087669372559,0.17139340910874
"616",51.540843963623,-100.777488708496,0.174081956893944
"617",51.7822380065918,-120.910362243652,0.542803921087246
"618",51.7833862304688,-115.087669372559,0.120194421593046
"619",51.7913513183594,-97.381706237793,0.152615257328416
"620",52.0259246826172,-115.815299987793,0.177346528661985
"621",52.0259246826172,-115.330215454102,0.174264879068131
"622",52.0259246826172,-115.087669372559,0.324027829291971
"623",52.2684020996094,-115.088447570801,0.209322891895674
"624",52.2684669494629,-116.057846069336,0.250364665005129
"625",52.2684669494629,-115.815299987793,0.081289562890855
"626",52.2684669494629,-115.572761535645,0.116625004723671
"627",52.2684669494629,-115.330215454102,0.175914621547237
"628",52.2686767578125,-119.937629699707,0.202742744210055
"629",52.5109558105469,-103.444976806641,0.408873273754794
"630",52.5110092163086,-116.300384521484,0.152791195768721
"631",52.5110092163086,-116.057846069336,0.18292111200607
"632",52.5110092163086,-115.815299987793,0.259006223225282
"633",52.5110092163086,-115.572761535645,0.145413161365538
"634",52.5110092163086,-102.71785736084,0.269534398802781
"635",52.5110092163086,-102.475311279297,0.17900785189062
"636",52.511043548584,-121.878929138184,0.912767939622177
"637",52.7535514831543,-116.542930603027,0.106554488767072
"638",52.7535514831543,-116.300384521484,0.158406910767163
"639",52.7535514831543,-115.815299987793,0.201832482272193
"640",52.7540435791016,-99.0793838500977,0.079820494170213
"641",52.782299041748,-132.049575805664,0.470172163326217
"642",52.982120513916,-99.0901412963867,0.114616829056736
"643",52.9960403442383,-132.066360473633,0.642139084819768
"644",52.9961204528809,-122.849113464355,0.170317159955142
"645",52.9961204528809,-121.878921508789,0.161062024506974
"646",52.9961204528809,-116.300384521484,0.159984137848453
"647",52.9961204528809,-116.057846069336,0.17026190956401
"648",52.9961204528809,-115.815299987793,0.132055751831356
"649",52.9961204528809,-102.71785736084,0.254023141180429
"650",52.9968452453613,-115.329345703125,0.468366417746212
"651",53.2386665344238,-122.849113464355,0.30735589887369
"652",53.2386665344238,-115.815299987793,0.191315948346345
"653",53.2386665344238,-115.572761535645,0.272014430504324
"654",53.2386665344238,-115.330215454102,0.346227793892108
"655",53.2386665344238,-102.71785736084,0.269868191246318
"656",53.2448234558105,-101.019439697266,0.122834012554486
"657",53.4812088012695,-115.815299987793,0.131947961956159
"658",53.4812088012695,-115.330215454102,0.191383411772773
"659",53.7123184204102,-105.395011901855,0.17498706947911
"660",53.7211837768555,-105.139877319336,0.214430227841709
"661",53.7237510681152,-106.841133117676,0.197452918048043
"662",53.7237510681152,-103.930595397949,0.23038474744622
"663",53.7239608764648,-126.971992492676,0.245679796131428
"664",53.7248229980469,-105.869697570801,0.11760696862841
"665",53.9556655883789,-101.264030456543,0.170797263892642
"666",53.9621849060059,-107.090202331543,0.184788565746256
"667",53.9647750854492,-105.877822875977,0.146571961368536
"668",53.9658164978027,-105.626441955566,0.13914080093569
"669",53.9662933349609,-117.270561218262,0.170212149747994
"670",53.9662933349609,-117.028015136719,0.220693568966798
"671",53.9662933349609,-115.815299987793,0.472535400316342
"672",53.9662933349609,-107.326217651367,0.256060182237405
"673",53.9664154052734,-116.05786895752,0.124036019294523
"674",53.9745101928711,-100.301750183105,0.133682490077354
"675",53.976676940918,-105.391159057617,0.298774081262909
"676",54.194507598877,-105.603729248047,0.180041973076147
"677",54.2088356018066,-121.878921508789,0.11520577245619
"678",54.2088356018066,-117.028015136719,0.142445602250322
"679",54.2088356018066,-116.785469055176,0.303855031884589
"680",54.2088356018066,-116.542930603027,0.304378307216244
"681",54.2088356018066,-116.300384521484,0.245307131858418
"682",54.2088356018066,-116.057846069336,0.321467881505382
"683",54.2089996337891,-107.568840026855,0.396547825230003
"684",54.2091293334961,-107.811950683594,0.388400000276013
"685",54.2103385925293,-101.263694763184,0.058189165196409
"686",54.2103958129883,-107.328155517578,0.270307527750779
"687",54.4478302001953,-108.546524047852,0.296440765442244
"688",54.4495582580566,-107.31810760498,0.242554168413091
"689",54.4499092102051,-103.689399719238,0.033775237051961
"690",54.4505462646484,-107.082153320312,0.205884022363488
"691",54.4509162902832,-118.726341247559,0.180606700005934
"692",54.4512062072754,-108.295341491699,0.202001414144357
"693",54.4513740539551,-126.972381591797,0.460329144098137
"694",54.4513740539551,-118.968376159668,0.237211454393749
"695",54.4513740539551,-117.513130187988,0.284562054713736
"696",54.4513740539551,-115.572761535645,0.340467997446528
"697",54.452880859375,-105.143562316895,0.23181747877986
"698",54.6778602600098,-126.001998901367,0.708127610555601
"699",54.69384765625,-109.752021789551,0.176093651633464
"700",54.6938858032227,-126.972297668457,0.308070850580653
"701",54.6939163208008,-118.968376159668,0.165191226669735
"702",54.6939163208008,-118.72583770752,0.133220683045641
"703",54.6939163208008,-118.240753173828,0.378417321096784
"704",54.6939163208008,-117.513130187988,0.350301387748043
"705",54.6939163208008,-117.270561218262,0.278662557160401
"706",54.6939163208008,-115.815299987793,0.307269900869839
"707",54.6939163208008,-115.572792053223,0.211421890948161
"708",54.6939163208008,-115.330215454102,0.380654390664091
"709",54.6939163208008,-105.385848999023,0.06060292066129
"710",54.6970367431641,-108.539253234863,0.161795084811417
"711",54.9349708557129,-108.297622680664,0.12462060376693
"712",54.9364585876465,-115.572761535645,0.246455773003439
"713",54.9364585876465,-115.330215454102,0.304058821326212
"714",54.9364585876465,-112.662200927734,0.744025624104766
"715",54.9404144287109,-99.801887512207,0.288104774742076
"716",54.9604110717773,-107.322021484375,0.081158164643191
"717",55.1785659790039,-105.871650695801,0.100597296400156
"718",55.1790008544922,-114.845108032227,0.793355574525532
"719",55.179012298584,-122.849113464355,0.316886189585164
"720",55.1790809631348,-111.934677124023,0.162181967180746
"721",55.4209747314453,-119.938056945801,0.260876105259365
"722",55.421573638916,-120.908744812012,0.351680122876518
"723",55.421573638916,-111.9345703125,0.108736499890186
"724",55.4215850830078,-111.69214630127,0.17882327949802
"725",55.4220924377441,-114.117881774902,0.380335616238286
"726",55.662410736084,-115.089157104492,0.107908783167762
"727",55.6640510559082,-114.602630615234,0.444510038365519
"728",55.6641159057617,-121.878921508789,0.142778955645311
"729",55.6641159057617,-119.938575744629,0.369662586696333
"730",55.6641159057617,-112.419654846191,0.145694705494999
"731",56.3914985656738,-115.329254150391,0.234753779200799
"732",56.3917427062988,-119.696022033691,0.359847573220458
"733",56.3917427062988,-119.210922241211,0.247975190192829
"734",56.6342849731445,-119.453460693359,0.264664696814365
"735",56.6342849731445,-119.210922241211,0.23668645394253
"736",56.6342849731445,-118.72583770752,0.168011087296735
"737",56.6342849731445,-118.483291625977,0.222791922799323
"738",56.6342849731445,-118.240753173828,0.242326289661274
"739",56.6342849731445,-115.087669372559,0.362306570725128
"740",56.6357040405273,-115.328872680664,0.361521429234042
"741",56.8768272399902,-122.849113464355,0.099615146231715
"742",56.8768272399902,-121.878921508789,0.207972647695668
"743",56.8768272399902,-118.483291625977,0.192798375486695
"744",57.1193466186523,-122.849136352539,0.145842785994998
"745",57.1193656921387,-118.240753173828,0.349164284710072
"746",57.1193656921387,-117.998207092285,0.26886986183026
"747",57.1193656921387,-117.755668640137,0.205036648381026
"748",57.1193656921387,-115.087669372559,0.480100808356227
"749",57.1194000244141,-111.44947052002,0.060797503700812
"750",57.3619079589844,-115.330215454102,0.435770274420469
"751",58.3321075439453,-117.270561218262,0.24284395386038
"752",58.574649810791,-117.513130187988,0.288364508799769
"753",58.574649810791,-117.270561218262,0.323648235147518
"754",58.8171920776367,-124.061820983887,0.340831521067872
"755",58.8171920776367,-117.513130187988,0.276030876170162
"756",58.8171920776367,-117.270561218262,0.284300549889186
"757",59.0597343444824,-122.849113464355,0.211581404132526
"758",59.0597343444824,-117.755668640137,0.228052883102661
"759",59.0597343444824,-117.513130187988,0.217648653039465
"760",59.3022766113281,-124.061820983887,0.26627841067701
"761",59.3022766113281,-117.270561218262,0.192501815710628
"762",59.5448188781738,-117.270561218262,0.120718922959328
"763",59.7871627807617,-117.02806854248,0.131244090198249
"764",60.5153160095215,-150.013885498047,0.0838239755
"765",60.522705078125,-150.505340576172,0.1378103965
"766",60.5258369445801,-150.253601074219,0.3184534125
"767",60.7575454711914,-150.499267578125,0.4258525425
"768",61.2426414489746,-149.529067993164,0.10945726
"769",61.4847068786621,-150.014862060547,0.181976419583333
"770",61.4852523803711,-149.28515625,0.218888353166667
"771",61.4853172302246,-149.044769287109,0.219119048
"772",61.4953460693359,-149.518447875977,0.222289229404762
"773",61.6911697387695,-142.972030639648,0.247755836333333
"774",61.719051361084,-146.35758972168,0.297583803333333
"775",61.727725982666,-150.014175415039,0.2642216265
"776",61.727725982666,-149.529067993164,0.220215589611111
"777",61.727725982666,-145.163269042969,0.107553978
"778",61.7279472351074,-149.043823242188,0.3195727555
"779",61.9701919555664,-150.013046264648,0.307402619375
"780",61.9702682495117,-150.499252319336,0.542684583666667
"781",61.9707832336426,-150.257171630859,0.162201880333333
"782",61.9766616821289,-146.626052856445,0.192816725
"783",61.9786224365234,-146.366256713867,0.0677578765
"784",62.2126235961914,-150.257186889648,0.0860043765
"785",62.2127685546875,-150.013748168945,0.283747385666667
"786",62.212833404541,-150.499252319336,0.100587156
"787",62.455379486084,-144.920715332031,0.129849755291667
"788",62.4557800292969,-150.256942749023,0.197129415
"789",62.6979217529297,-144.678161621094,0.1051577225
"790",62.6979217529297,-143.707992553711,0.1915211215
"791",62.6981468200684,-146.133377075195,0.1186838835
"792",62.9404640197754,-149.771621704102,0.131819561666667
"793",63.1830062866211,-149.529067993164,0.0566826525
"794",63.1830062866211,-149.286514282227,0.1627946765
"795",63.1830062866211,-143.222900390625,0.101479679333333
"796",63.189079284668,-150.240280151367,0.178072279333333
"797",63.4305076599121,-150.010848999023,0.484967501666667
"798",63.4554901123047,-145.129425048828,0.060622163666667
"799",63.4728736877441,-145.403472900391,0.205838367333333
"800",63.6669692993164,-144.679214477539,0.3520998167
"801",63.6680908203125,-144.920715332031,0.3983793155
"802",64.1531753540039,-149.771621704102,0.40483636
"803",64.3957214355469,-149.286544799805,0.241374414666667
"804",64.395866394043,-146.375885009766,0.223033206583334
"805",64.6382904052734,-149.529067993164,0.235954289
"806",64.6382904052734,-146.861068725586,0.126413245333333
"807",64.6382904052734,-145.163269042969,0.250061476
"808",64.8807601928711,-149.771682739258,0.417547382
"809",64.8808288574219,-148.316345214844,0.153919823033333
"810",64.8808288574219,-145.405807495117,0.110581197
"811",64.8808288574219,-145.163269042969,0.143202712444444
"812",64.8808288574219,-143.222900390625,0.192981709666667
"813",65.3659133911133,-145.163269042969,0.15479743
"814",65.3659133911133,-144.920715332031,0.126405522166667
